name,address,city,classification
Encompass Health Huntsville Alabama,1490 US-72 Huntsville AL 35811,Huntsville,A
Centerwell Cullman ,"1015 1st Ave SW B, Cullman, AL 35055",Cullman,A
Huntsville Hospital HomeCare of Madison,"9668 Madison Blvd Suite 200, Madison, AL 35758",Madison,C
Centerwell Huntsville,"7067 Old Madison Pike #105, Huntsville, AL 35806",Huntsville,C
Huntsville Hospital Homecare Huntsville,"500 Boulevard S SW #203, Huntsville, AL 35802",Huntsville,C
Spectrum Home Health Agency,"1310 Pulaski Pike NW, Huntsville, AL 35816",Huntsville,C
Aveanna Home Health Huntsville,"1430 Paramount Dr, Huntsville, AL 35806",Huntsville,C
Adoration Home Health Huntsville,"400 Meridian St N STE 100, Huntsville, AL 35801",Huntsville,C
Enhabit Home Health Decatur,"115 Johnston St SE Suite 301A, Decatur, AL 35601",Decatur,B
Decatur Morgan Home Health,"2708 Hwy 31 S B, Decatur, AL 35603",Decatur,B
Alabama Homecare of Cullman,"117 2nd Ave NE, Cullman, AL 35055",Cullman,C
Adoration Home Health Cullman,"1979 AL-157, Cullman, AL 35058",Cullman,A
Enhabit Home Health Cullman,"1311 2nd Ave SW Suite B1, Cullman, AL 35055",Cullman,C
Cullman Regional Home Health,"1912 AL-157, Cullman, AL 35058",Cullman,B
Adoration Home Health Moulton ,"14765 Court St, Moulton, AL 35650",Moulton,B
Centerwell Home Health Moulton,"20 Almon Dr C, Moulton, AL 35650",Moulton,B
Enhabit Home Health Muscle Shoals,"1640 S Wilson Dam Rd Suite A, Muscle Shoals, AL 35661",Shoals,B
Adoration Home Health Florence,"412 S Court St Suite 403, Florence, AL 35630",Florence,D
Aveanna Home Health Athens,"412 S Jefferson St, Athens, AL 35611",Athens,D
Centerwell Home Health Athens,"905 S Clinton St Unit A, Athens, AL 35611",Athens,D
Athens Limestone Homecare,"725 Market St W Suite A, Athens, AL 35611",Athens,D
Limestone County Health Department,"20371 Clyde Mabry Dr, Athens, AL 35611",Athens,D
Highlands Home Health,"901 Heroes Dr, Scottsboro, AL 35768",Scottsboro,D
Adoration Home Health Rainsville,"124 McCurdy Ave S Suite C Rainsville, AL 35986",Rainsville,D
Medical Centers Homecare,"5850 US-431 Ste 34, Albertville, AL 35950",Albertville,C
Elk River Nursing & Rehab Fayetville,"4081 Thornton Taylor Pkwy, Fayetteville, TN 37334",Fayetteville,A
Donalson Care Center Fayetville,"1681 Winchester Hwy, Fayetteville, TN 37334",Fayetteville,C
Lynchburg Nursing Center ,"40 Nursing Home Rd, Lynchburg, TN 37352",Lynchburg,B
NHC Pulaski,"993 E College St, Pulaski, TN 38478",Pulaski,C
Meadowbrook Healthcare Pulaski,"1245 E College St, Pulaski, TN 38478",Pulaski,A
Countryside Health and Rehab,"3051 Buffalo Rd, Lawrenceburg, TN 38464",Lawrenceburg,A
NHC Scott Lawrencburg,"2380 Buffalo Rd, Lawrenceburg, TN 38464",Lawrenceburg,B
NHC Lawrencburg,"374 Brink St, Lawrenceburg, TN 38464",Lawrenceburg,C
TYLER RUSHFORTH,1935 AL HIGHWAY 157 C CULLMAN AL 35058,Cullman,B
TORRI SELVAGE,1890 AL Cullman AL 35058,Cullman,C
Tiffany Duque CRNP,6000 Redstone Gateway SW Suite 500 Huntsville AL 35808,Huntsville,B
Rachel Jones DO,6000 Redstone Gateway SW Suite 500 Huntsville AL 35808,Huntsville,B
